Alternatives,ws-minmax_01,ws-target_01,ws-standardized_any,ws-rank,geom-minmax_no0,geom-target_no0,geom-standardized_no0,geom-rank,harm-minmax_no0,harm-target_no0,harm-standardized_no0,harm-rank,min-standardized_any
A,0.36363636363636376,0.7919075144508678,0.38490466754588265,0.5074626865671652,0.7060730621565323,1.0,0.7827801641718118,0.6417999322260071,0.9203441532254659,0.9335433592410651,0.98252116969448,0.7292267818029026,0.9999999999999998
B,0.0,0.7572254335260107,0.06898060030645331,0.11940298507462721,0.0,0.48500729993450786,0.007807428551112161,0.0,0.00046513085788602027,0.0,0.0002192368453456106,0.0,0.17473530987479657
C,0.6493506493506498,0.7572254335260125,0.6379088277052207,0.5074626865671648,0.6109042342154045,0.9586917507624122,0.5679854130231946,0.5224866431596762,0.46128861057406056,1.0,0.2703406420567805,0.5480494888367136,0.8851235220584277
D,0.5454545454545454,0.4739884393063587,0.4841644477020912,0.37313432835820937,0.47993965209458245,0.37778798172381567,0.4180711558625366,0.2532326073838107,0.32809517615848827,0.4915347627902138,0.17009686376419958,0.21658323689815684,0.3568181263010901
E,0.02857142857142847,0.0,0.0,0.0,0.0028093936001505337,0.0,0.0,0.03573464992313702,0.0,0.39848163267974623,0.0,0.0842303717238948,0.0
F,1.0,1.0,0.9999999999999998,1.0000000000000004,1.0,0.9787271284473453,0.9999999999999999,0.9999999999999998,0.9999999999999998,0.5762072427856388,1.0,1.0,0.9777681679967604
