Alternatives,ws-minmax_01
A,0.5
B,0.16666666666666666
C,0.8333333333333334
D,0.6666666666666666
E,0.3333333333333333
F,1.0
