Alternatives,ws-minmax_01
A,0.36363636363636376
B,0.0
C,0.6493506493506498
D,0.5454545454545454
E,0.02857142857142847
F,1.0
