Alternatives,ws-minmax_01,ws-target_01,ws-standardized_any,ws-rank,geom-minmax_no0,geom-target_no0,geom-standardized_no0,geom-rank,harm-minmax_no0,harm-target_no0,harm-standardized_no0,harm-rank,min-standardized_any
A,0.06334811498015747,0.06647015330127393,0.1273799981877739,0.2710838505345499,0.047068705870609705,0.06979206423637613,0.13677427998272876,0.2521755781060293,0.03922615685944464,0.07995475386096362,0.11120821525717195,0.24248917821985258,0.0
B,0.10191923117300791,0.07822591329258571,0.2824142958891275,0.520131788935366,0.07464863395657799,0.10443738472433532,0.19599122932003205,0.4467391344123752,0.040620931808852845,0.12655089770257535,0.05871238166435663,0.3018343248853114,0.0
C,0.09386967263385086,0.07745750923355765,0.19198899987981735,0.42335401861066885,0.10578603071430467,0.06828048515889391,0.33664531050066393,0.44287058362613074,0.11181207964238467,0.06178358410215239,0.31550188304896387,0.4258735626105923,0.0
D,0.09378190470058716,0.08252800389307688,0.27057621229557033,0.48077656968840643,0.09072892069952532,0.07819783321568448,0.28518111948174385,0.46965344944190124,0.09183377278291005,0.07471609189757017,0.26080944127626116,0.42336634451411603,0.0
E,0.10864356758109345,0.07549665321343245,0.2861897370629288,0.46706166812962696,0.11045055932102892,0.06732112929932858,0.3219384170352994,0.505055474577305,0.08040793364197811,0.06472348189073737,0.14893288101854485,0.47798522861456083,0.0
F,0.07901182637424425,0.08003397113920632,0.1462154756691697,0.29316095913288015,0.0805537157375437,0.09814934136936641,0.23397068874254848,0.31290055478535156,0.08211159599602584,0.11845054311177641,0.23482279903942566,0.33523793902312177,0.0
