Alternatives,ws-minmax_01,ws-target_01,ws-standardized_any,ws-rank,geom-minmax_no0,geom-target_no0,geom-standardized_no0,geom-rank,harm-minmax_no0,harm-target_no0,harm-standardized_no0,harm-rank,min-standardized_any
A,0.3333333333333333,0.6666666666666666,0.3333333333333333,0.5,0.6666666666666666,0.8333333333333334,0.8333333333333334,0.6666666666666666,0.8333333333333334,0.8333333333333334,1.0,0.8333333333333334,1.0
B,0.16666666666666666,0.3333333333333333,0.16666666666666666,0.16666666666666666,0.16666666666666666,0.16666666666666666,0.16666666666666666,0.16666666666666666,0.16666666666666666,0.16666666666666666,0.16666666666666666,0.16666666666666666,0.3333333333333333
C,0.8333333333333334,0.8333333333333334,0.8333333333333334,0.8333333333333334,0.8333333333333334,1.0,0.6666666666666666,0.8333333333333334,0.6666666666666666,1.0,0.6666666666666666,0.6666666666666666,0.6666666666666666
D,0.5,0.5,0.5,0.3333333333333333,0.5,0.3333333333333333,0.5,0.3333333333333333,0.5,0.5,0.5,0.3333333333333333,0.5
E,0.6666666666666666,0.16666666666666666,0.6666666666666666,0.6666666666666666,0.3333333333333333,0.5,0.3333333333333333,0.5,0.3333333333333333,0.6666666666666666,0.3333333333333333,0.5,0.16666666666666666
F,1.0,1.0,1.0,1.0,1.0,0.6666666666666666,1.0,1.0,1.0,0.3333333333333333,0.8333333333333334,1.0,0.8333333333333334
