Alternatives,ws-minmax_01,ws-target_01,ws-standardized_any,ws-rank,geom-minmax_no0,geom-target_no0,geom-standardized_no0,geom-rank,harm-minmax_no0,harm-target_no0,harm-standardized_no0,harm-rank,min-standardized_any
A,0.4290825242797218,0.5338435657126017,0.42666052280855954,0.48878110830355526,0.7172868114132022,0.7035195223938847,0.781733792413308,0.6800643230504165,0.8806257684738957,0.8002438185078378,0.9246850869491032,0.7691824463707728,0.9999999999999998
B,0.11002999143620368,0.41455681685323825,0.1360931275037654,0.15587191496444358,0.06619677130452938,0.24680762898824338,0.055114312354986546,0.073210698078531,0.034378095394640776,0.09662782986615778,0.01577021823355026,0.029929447183803227,0.17473530987479657
C,0.7595443778404377,0.673692311691565,0.7397629027623367,0.6871417652355598,0.6991288708005566,0.7703327543805111,0.6477664995782001,0.6876188803904815,0.5261948549382561,0.8675007030219687,0.3417271412391295,0.65833238635973,0.8851235220584276
D,0.5373110219026271,0.442172293404102,0.5117701802996774,0.4654883988912051,0.5616710981503594,0.4407015666851897,0.534640683656436,0.42490004148358956,0.47550165665258903,0.5345225109125454,0.32642537779021513,0.369698319277016,0.3568181263010901
E,0.6149215177384857,0.33077352310472014,0.6005616311633175,0.5559198848866593,0.4366602239450167,0.45105933666802167,0.360270111994264,0.48095948229951235,0.24055376337288462,0.6036546581916449,0.11722135129106537,0.38515341229540256,0.0
F,0.8176848222915678,0.8305275887941401,0.8094845802251124,0.8425547594131539,0.903415050077933,0.7065742371293904,0.9238489487186171,0.9230016060133661,0.9094262268072034,0.5619685961808654,0.9078779911461264,0.9506512114096518,0.9777681679967604
