Alternatives,ws-minmax_01,ws-target_01,ws-standardized_any,ws-rank,geom-minmax_no0,geom-target_no0,geom-standardized_no0,geom-rank,harm-minmax_no0,harm-target_no0,harm-standardized_no0,harm-rank,min-standardized_any
A,0.4876283884813318,0.6366236960051339,-0.08977021010780738,3.421520507783449,0.503843171706162,0.6224252888710433,1.2688396856289603,3.2792630705002064,0.4759842617159797,0.5617241034370455,1.1772293947225887,3.1469090252925427,-0.7706746355886366
B,0.37490720805621885,0.6146183147464525,-0.3526850297568388,2.910609957800711,0.2835099727924321,0.5473789862529829,0.4884952403504728,2.2121126036131,0.18315364907502493,0.3926495503087897,0.20227295848688653,1.6885041424727791,-1.5963974594328696
C,0.5996411158306483,0.6580623148031772,0.17838124618171472,3.7619493450571384,0.515018627435192,0.6391512673111847,1.1708476505080037,3.3701255239459025,0.3657016836446611,0.5894452774694732,0.5757138291862729,2.9754212543048397,-0.8856148855401269
D,0.5237481265178939,0.6154184594140958,-0.01826323812442872,3.4086541946534226,0.4578054699820842,0.5805963746298213,1.0156001675140829,2.875857384089229,0.3369508357555342,0.5065094863184314,0.5294278224625143,2.3775070508725094,-1.4142135623732348
E,0.5614133737850293,0.5966128226144216,0.08289070606347064,3.5848641582796015,0.4251703811458813,0.5821069602415083,0.848533694285983,3.015406848787615,0.25897066551049963,0.5285796710465503,0.31307373942535155,2.432981012110816,-1.7712297710802538
F,0.605649000340611,0.6774303644168527,0.1994465257438873,3.9124018364256896,0.5728758626077511,0.621658723758046,1.4409392052872403,3.7390541966681563,0.4929894882481916,0.5008091792230057,1.1771675665937305,3.5493968150857502,-0.7929188092705274
